{"labels": ["witam", "sprawko z numer", "test3242353", "siema", "sprawko z numerk\u00f3w", "sprawko z numerk\u00f3w", "kekf"], "newest_task_date": "2018-06-03 16:43:56+00:00", "y": [136.59217834472656, -57.853660583496094, -69.2031021118164, -130.233642578125, 3.1780409812927246, 64.21052551269531, 75.5592269897461], "tasks_nmb": 7, "x": [37.67049789428711, 163.03773498535156, -68.0442123413086, 50.773780822753906, 44.221405029296875, -74.59217834472656, 156.48464965820312]}